prescriptionID,productID,quantity,unit,description,createdAt
1538,1492,13,count,Tachyglossus aculeatus,2021-06-07 07:45:41
1823,1426,20,mil,Cygnus atratus,2021-01-23 01:20:13
1486,1469,20,mil,unavailable,2021-08-01 14:34:04
1544,1152,2,bottle,Vanessa indica,2021-06-08 17:32:04
1217,1088,4,gram,Ara ararauna,2021-02-10 09:20:13
1571,1500,12,package,Bassariscus astutus,2021-02-04 18:48:40
1146,1154,20,count,Laniaurius atrococcineus,2021-05-30 21:14:58
1161,1265,10,mg,Myrmecophaga tridactyla,2021-01-31 08:00:42
1742,1049,17,gram,Macropus fuliginosus,2021-09-18 04:48:16
1419,1234,13,pill,Tamiasciurus hudsonicus,2021-02-14 04:52:21
1570,1487,3,bottle,Picoides pubescens,2021-04-24 16:32:39
1708,1283,3,package,Melophus lathami,2021-10-06 10:52:25
1460,1451,20,bottle,Sarcorhamphus papa,2021-10-18 00:51:16
1215,1008,5,mg,Agelaius phoeniceus,2021-04-25 04:01:13
1867,1422,6,package,Dicrostonyx groenlandicus,2021-08-22 01:46:40
1124,1098,1,gram,Dendrocitta vagabunda,2021-05-30 02:11:36
1646,1263,8,package,Ctenophorus ornatus,2021-05-10 20:34:14
1811,1151,1,gram,Capreolus capreolus,2021-05-06 11:51:35
1982,1135,12,gram,Columba palumbus,2020-12-21 07:32:10
1693,1101,6,mil,Sterna paradisaea,2020-12-23 12:13:34
1664,1290,14,count,Ovis ammon,2021-08-02 02:14:28
1700,1127,3,count,Lamprotornis nitens,2021-10-19 11:28:33
1216,1057,9,package,Pelecans onocratalus,2021-06-09 01:38:55
1022,1326,19,pill,Haematopus ater,2021-08-28 14:41:17
1460,1428,11,bottle,Erinaceus frontalis,2021-08-01 08:40:27
1442,1185,20,bottle,Threskionis aethiopicus,2021-11-01 07:17:42
1038,1218,13,bottle,Antilocapra americana,2021-05-29 13:52:21
1037,1072,4,mil,Gazella granti,2021-06-08 14:16:04
1101,1169,17,count,Mephitis mephitis,2021-02-17 00:59:43
1904,1020,10,mil,Zalophus californicus,2021-05-30 02:11:44
1089,1053,18,package,Nesomimus trifasciatus,2021-11-01 18:40:05
1886,1157,6,gram,Upupa epops,2021-02-24 03:36:24
1170,1426,3,count,Acrobates pygmaeus,2021-04-09 14:13:16
1919,1211,17,pill,Phoenicopterus chilensis,2021-05-07 14:34:58
1703,1198,16,count,Sula dactylatra,2021-10-18 21:01:06
1934,1198,6,pill,Tiliqua scincoides,2021-05-06 04:55:13
1878,1009,7,mg,Vombatus ursinus,2021-06-23 05:37:11
1995,1271,16,count,Zenaida asiatica,2021-07-14 04:44:18
1598,1119,11,mg,Kobus defassa,2021-07-01 21:59:45
1440,1203,7,pill,Dasyurus viverrinus,2021-07-13 21:08:09
1484,1149,14,mil,Erethizon dorsatum,2021-03-13 07:15:15
1232,1444,15,mil,Varanus salvator,2020-11-30 02:23:53
1666,1496,11,bottle,Tenrec ecaudatus,2021-08-25 03:00:05
1879,1255,5,count,Tenrec ecaudatus,2021-05-13 19:49:39
1394,1415,11,mg,Semnopithecus entellus,2021-06-16 13:55:53
1925,1367,20,count,Stercorarius longicausus,2021-03-03 00:36:36
1577,1449,10,pill,Sciurus vulgaris,2021-08-03 04:15:04
1664,1428,8,package,Panthera pardus,2021-04-25 15:18:39
1022,1080,3,mil,Plocepasser mahali,2021-03-05 12:08:06
1237,1144,10,gram,Balearica pavonina,2020-12-10 10:13:59
1982,1087,12,pill,Aonyx cinerea,2021-05-16 11:40:04
1359,1055,7,bottle,Alligator mississippiensis,2021-08-16 10:49:38
1036,1370,1,pill,Canis lupus baileyi,2021-08-04 13:18:02
1425,1318,7,bottle,Laniarius ferrugineus,2020-11-23 16:32:44
1281,1051,20,count,Taxidea taxus,2021-01-16 09:09:24
1038,1230,5,gram,Anathana ellioti,2021-04-05 04:26:04
1765,1436,14,mil,Tadorna tadorna,2020-11-24 11:14:45
1295,1355,10,bottle,Bubalus arnee,2020-12-23 19:56:15
1089,1246,9,count,Diomedea irrorata,2021-04-24 15:43:25
1803,1294,5,gram,Aquila chrysaetos,2021-07-16 05:31:28
1440,1141,2,package,Vulpes chama,2021-03-06 22:31:51
1514,1209,2,mg,Cacatua tenuirostris,2021-01-03 14:45:06
1474,1321,5,mil,Cracticus nigroagularis,2021-05-08 23:35:51
1707,1113,11,package,Crax sp.,2021-06-08 08:33:29
1420,1220,10,mil,Irania gutteralis,2021-05-29 19:25:38
1452,1017,17,pill,Nyctea scandiaca,2021-09-29 13:19:37
1685,1363,19,pill,Phalacrocorax niger,2021-07-19 09:31:08
1268,1033,20,bottle,Papio ursinus,2021-03-01 05:07:58
1225,1084,19,mil,Macropus rufogriseus,2021-03-28 03:42:36
1909,1031,2,gram,Uraeginthus granatina,2021-08-05 04:25:28
1240,1454,6,bottle,Dasyurus maculatus,2021-01-18 16:50:37
1575,1467,7,mg,Chauna torquata,2021-05-25 23:17:00
1416,1333,7,bottle,Alcelaphus buselaphus caama,2021-02-07 09:51:46
1233,1112,19,mg,Kobus defassa,2021-09-05 05:23:59
1723,1361,7,bottle,Melursus ursinus,2021-04-03 22:25:04
1236,1175,20,gram,Macropus robustus,2021-09-16 07:29:44
1017,1454,9,package,Ctenophorus ornatus,2021-04-26 12:32:29
1277,1395,2,mg,Zalophus californicus,2021-07-14 02:46:23
1637,1170,18,mg,unavailable,2021-08-04 16:01:26
1437,1029,19,count,Ceratotherium simum,2021-10-10 11:23:39
1570,1162,8,gram,Corvus brachyrhynchos,2020-12-17 06:46:29
1680,1277,1,bottle,Spheniscus mendiculus,2020-12-01 18:22:45
1931,1380,4,mil,Halcyon smyrnesis,2021-10-01 00:35:54
1594,1233,8,bottle,Corvus albicollis,2021-09-03 02:02:31
1450,1160,11,mg,Cyrtodactylus louisiadensis,2021-02-01 13:37:25
1412,1077,9,gram,Lutra canadensis,2021-01-15 19:01:59
1155,1333,6,mil,unavailable,2020-12-22 03:46:20
1443,1093,5,count,Butorides striatus,2021-08-15 13:04:40
1599,1256,6,gram,Plegadis ridgwayi,2021-08-07 17:20:08
1487,1178,6,count,Ursus maritimus,2021-02-08 23:06:17
1323,1399,16,gram,Marmota flaviventris,2021-11-05 09:56:20
1809,1301,4,mg,Cereopsis novaehollandiae,2021-05-24 22:23:17
1570,1428,6,pill,Corvus brachyrhynchos,2021-05-27 18:15:50
1734,1330,20,count,Chlamydosaurus kingii,2021-05-19 02:48:24
1590,1475,13,count,Varanus albigularis,2021-09-29 12:48:42
1728,1499,9,pill,Felis caracal,2021-04-28 15:33:38
1925,1317,4,bottle,Tursiops truncatus,2020-12-25 20:05:02
1307,1053,8,bottle,Ovis dalli stonei,2021-04-17 08:19:47
1100,1172,14,count,Spheniscus magellanicus,2021-01-23 06:52:49
1816,1296,2,package,Coluber constrictor,2021-03-08 06:52:18
1518,1291,10,gram,Otaria flavescens,2020-11-23 10:21:40
1507,1033,10,gram,Connochaetus taurinus,2021-07-04 00:00:53
1103,1243,20,mg,Tamiasciurus hudsonicus,2021-03-08 18:54:59
1699,1161,14,mil,Ovis dalli stonei,2021-05-20 22:21:38
1863,1185,9,mg,Cebus apella,2021-05-05 13:06:31
1404,1458,8,pill,Tamandua tetradactyla,2021-02-04 07:55:21
1132,1217,20,pill,Gyps bengalensis,2021-10-23 23:48:13
1498,1053,1,count,Zalophus californicus,2020-12-30 16:24:19
1222,1214,2,count,Canis latrans,2021-01-31 17:18:07
1179,1175,7,mg,Haematopus ater,2021-09-06 21:19:53
1950,1224,11,gram,Acrobates pygmaeus,2021-03-07 07:26:47
1463,1219,11,count,Varanus komodensis,2021-04-17 05:11:22
1492,1494,19,mg,Junonia genoveua,2021-09-29 15:37:37
1538,1440,8,mg,Anas bahamensis,2021-05-01 03:11:50
1438,1083,16,bottle,Lamprotornis nitens,2021-02-26 08:36:51
1457,1340,1,bottle,Anthropoides paradisea,2021-01-28 10:02:42
1305,1075,7,count,Colaptes campestroides,2021-02-28 22:45:12
1961,1320,8,mg,Agkistrodon piscivorus,2021-06-19 04:26:02
1750,1492,6,gram,Ovis musimon,2021-03-18 08:25:13
1694,1232,1,mg,Butorides striatus,2021-03-20 23:43:55
1082,1462,9,package,Macropus rufus,2021-06-19 20:50:38
1388,1073,6,package,Galictis vittata,2021-03-28 11:54:52
2000,1319,2,pill,Microcavia australis,2021-05-15 16:59:16
1216,1286,16,mil,Paradoxurus hermaphroditus,2021-06-30 16:30:38
1268,1200,12,package,Psophia viridis,2021-05-22 01:53:04
1799,1152,15,bottle,Panthera pardus,2021-07-22 07:40:19
1100,1378,9,bottle,Gazella granti,2021-04-17 13:40:50
1780,1058,19,pill,Lepilemur rufescens,2021-06-04 08:29:50
1620,1331,4,gram,Oryx gazella callotis,2021-09-24 13:37:45
1363,1313,14,package,Cebus apella,2020-12-24 16:10:10
1184,1238,18,count,Panthera pardus,2021-10-31 20:14:03
1522,1108,9,gram,Felis libyca,2020-12-26 21:01:17
1047,1252,3,mg,unavailable,2021-05-02 15:40:46
1359,1342,9,package,Ephippiorhynchus mycteria,2021-05-04 22:45:14
1277,1381,17,count,Chordeiles minor,2021-10-03 09:44:07
1939,1399,8,count,Anastomus oscitans,2021-04-30 21:41:52
1443,1009,18,pill,Neotoma sp.,2021-04-08 03:20:38
1713,1112,16,count,Smithopsis crassicaudata,2021-03-21 09:48:28
1892,1187,10,mg,Dendrocitta vagabunda,2021-09-18 17:14:34
1891,1267,4,mg,Macropus fuliginosus,2021-04-10 21:48:55
1667,1349,19,mg,Gazella thompsonii,2021-08-17 19:32:59
1208,1072,14,mil,Pelecans onocratalus,2021-02-11 15:47:58
1287,1143,20,mg,Zalophus californicus,2020-11-24 04:48:57
1484,1012,5,bottle,Cercatetus concinnus,2020-11-18 01:53:32
1997,1257,17,mil,Crotalus adamanteus,2020-11-25 08:34:38
1098,1035,18,pill,Coendou prehensilis,2020-12-16 21:37:29
1157,1495,13,package,Tayassu pecari,2021-02-27 23:50:25
1732,1093,5,pill,Cereopsis novaehollandiae,2021-08-13 06:39:40
1517,1423,13,count,Ardea cinerea,2021-04-28 19:05:17
1638,1233,12,mil,Lorythaixoides concolor,2021-04-16 14:48:39
1513,1481,3,mg,Meles meles,2021-08-02 06:18:51
1548,1410,8,pill,Macropus robustus,2021-02-20 17:00:44
1824,1079,7,package,Merops nubicus,2021-05-01 13:34:45
1904,1338,18,gram,Galictis vittata,2021-02-21 16:33:11
1062,1362,4,pill,Nannopterum harrisi,2021-06-08 00:48:39
1391,1133,7,mg,Ardea cinerea,2021-10-26 09:15:01
1661,1234,3,pill,Macropus rufogriseus,2021-10-23 02:13:34
1653,1435,12,mil,Sauromalus obesus,2020-11-22 07:02:52
1125,1227,8,package,Cynictis penicillata,2021-08-19 14:49:26
1589,1266,12,gram,Sula dactylatra,2021-03-18 01:10:16
1130,1083,11,mg,Choloepus hoffmani,2021-01-04 15:36:03
1747,1137,8,count,Sarcorhamphus papa,2021-01-24 21:31:36
1296,1448,7,pill,Lamprotornis nitens,2021-06-05 00:40:05
1992,1410,20,package,Uraeginthus granatina,2020-12-24 13:12:53
1584,1316,7,bottle,Cebus apella,2021-03-20 19:45:51
1723,1334,13,mil,Dolichitus patagonum,2020-11-29 11:20:28
1631,1292,17,gram,Pterocles gutturalis,2020-12-05 18:04:09
1432,1182,17,mil,Butorides striatus,2021-02-14 05:43:25
1785,1391,20,mil,Rhabdomys pumilio,2020-12-01 12:16:40
1713,1284,4,mg,Pavo cristatus,2021-05-26 04:32:36
1846,1229,9,mg,Psophia viridis,2021-05-20 15:39:50
1772,1493,18,bottle,Thylogale stigmatica,2021-10-15 16:13:27
1215,1303,2,count,Cebus apella,2021-10-04 14:43:42
1091,1055,17,bottle,Ephippiorhynchus mycteria,2021-08-19 01:40:50
1815,1312,20,bottle,Hyaena hyaena,2021-05-07 19:24:04
1219,1024,3,package,Corvus albus,2021-04-08 11:04:46
1765,1345,17,count,Choloepus hoffmani,2021-07-14 00:18:16
1368,1407,14,mg,Corvus albicollis,2021-04-20 15:18:26
1010,1300,19,count,Coracias caudata,2020-11-23 11:05:36
1145,1411,5,bottle,Chauna torquata,2020-12-22 02:48:10
1769,1274,19,mg,Philetairus socius,2021-04-13 03:00:06
1522,1003,10,mg,Petaurus norfolcensis,2020-11-17 02:14:39
1691,1010,13,mil,Loris tardigratus,2021-08-31 18:44:53
1596,1088,9,gram,Sula nebouxii,2021-08-16 02:33:30
1739,1071,12,package,Macropus parryi,2021-05-23 16:57:21
1735,1216,12,pill,Odocoilenaus virginianus,2021-04-04 06:07:58
1429,1348,7,count,Macropus giganteus,2021-07-15 19:11:56
1540,1350,6,mil,Dasyurus maculatus,2021-10-09 21:41:15
1449,1182,4,pill,Lamprotornis superbus,2021-06-09 08:19:21
1827,1148,6,pill,Aonyx cinerea,2021-04-15 09:04:59
1481,1256,18,mil,Laniaurius atrococcineus,2021-09-16 20:03:45
1858,1300,5,package,Hippotragus equinus,2021-10-05 03:16:28
1772,1219,4,pill,Turtur chalcospilos,2020-12-19 06:03:33
1292,1249,20,count,Bubalus arnee,2020-11-10 22:00:51
1255,1452,19,count,unavailable,2021-01-11 05:24:54
1619,1168,8,mil,Ceratotherium simum,2021-04-10 18:45:47
1562,1276,12,pill,Lutra canadensis,2021-07-20 17:54:48
1876,1165,8,package,Mustela nigripes,2021-10-02 04:52:42
1124,1329,20,mg,unavailable,2021-07-19 13:49:48
1361,1120,18,package,Galictis vittata,2021-08-16 14:21:26
1773,1194,12,mg,Ephipplorhynchus senegalensis,2020-12-23 02:18:24
1282,1013,5,gram,Hyaena brunnea,2021-07-10 22:21:19
1604,1184,1,gram,Canis lupus baileyi,2021-05-04 14:58:10
1370,1018,10,gram,Stercorarius longicausus,2021-07-18 11:01:44
1173,1121,14,package,Vulpes chama,2021-06-09 00:20:07
1418,1072,12,package,Tamiasciurus hudsonicus,2020-12-08 18:51:32
1453,1219,8,package,Lepus arcticus,2021-07-09 17:31:39
1730,1358,1,mil,Felis silvestris lybica,2020-11-10 02:39:11
1415,1184,18,count,Trichechus inunguis,2021-06-03 06:57:34
1749,1332,1,pill,Gymnorhina tibicen,2021-06-14 19:22:00
1569,1021,6,package,Erinaceus frontalis,2021-06-12 21:25:35
1243,1096,3,mg,Epicrates cenchria maurus,2021-05-19 14:57:26
2000,1265,10,gram,Sylvicapra grimma,2020-12-24 07:14:04
1273,1082,8,package,Carphophis sp.,2020-11-14 02:41:48
1807,1393,12,count,Agama sp.,2021-01-05 19:39:13
1846,1393,10,bottle,Helogale undulata,2020-12-31 17:54:57
1025,1384,4,bottle,Corythornis cristata,2020-12-08 08:01:14
1468,1356,17,mil,Ardea golieth,2021-05-23 18:22:09
1025,1247,19,mil,Crotaphytus collaris,2021-08-20 20:20:51
1858,1006,2,mg,Sciurus vulgaris,2021-04-22 06:28:49
1076,1300,13,mil,Genetta genetta,2021-03-01 20:00:59
1528,1124,20,pill,Vanessa indica,2020-12-10 22:39:24
1652,1033,4,mg,Snycerus caffer,2020-12-24 09:53:37
1530,1233,8,count,Carduelis pinus,2021-03-17 21:45:05
1351,1315,6,package,Phoenicopterus ruber,2021-10-31 03:49:01
1779,1062,17,mg,Felis chaus,2021-02-27 14:13:19
1703,1303,18,package,Phoenicopterus chilensis,2021-09-13 08:50:01
1264,1182,5,package,Acrantophis madagascariensis,2021-08-11 19:09:55
1643,1478,8,mil,unavailable,2020-12-07 04:43:33
1147,1399,14,bottle,Tadorna tadorna,2021-03-02 07:49:50
1406,1491,6,count,Anthropoides paradisea,2021-06-03 22:53:05
1584,1116,4,gram,Ursus americanus,2021-01-30 22:50:31
1024,1035,20,package,Sagittarius serpentarius,2020-12-20 03:45:30
1797,1126,7,gram,Tauraco porphyrelophus,2021-09-11 22:03:19
1609,1435,16,pill,Ciconia ciconia,2021-11-05 00:11:52
1056,1105,5,package,Lepilemur rufescens,2020-11-20 03:08:32
1283,1470,18,mil,Varanus albigularis,2020-12-04 11:10:27
1181,1420,20,gram,Lemur fulvus,2021-05-02 02:51:52
1208,1413,6,count,Eudyptula minor,2021-10-11 12:15:17
1757,1024,4,mil,Papilio canadensis,2021-10-30 17:41:26
1078,1054,4,bottle,Vanellus chilensis,2021-03-06 08:04:53
1257,1091,17,mil,Hystrix cristata,2021-08-25 18:18:45
1126,1039,3,count,Macaca nemestrina,2021-07-15 22:55:20
1161,1448,8,mil,Coendou prehensilis,2021-10-27 21:40:39
1764,1445,16,bottle,Ardea cinerea,2021-06-05 23:55:51
1139,1228,9,mil,Tadorna tadorna,2020-12-26 20:28:22
1500,1011,7,pill,Ursus maritimus,2021-10-21 23:25:32
1274,1084,12,gram,Seiurus aurocapillus,2021-02-10 01:54:24
1388,1411,7,bottle,Mazama gouazoubira,2021-06-19 19:44:03
1277,1069,11,package,Lamprotornis chalybaeus,2021-01-19 19:20:40
1479,1141,7,pill,Sarkidornis melanotos,2021-01-04 22:39:32
1175,1496,9,count,Ephippiorhynchus mycteria,2021-06-03 19:20:34
1526,1219,9,pill,Hymenolaimus malacorhynchus,2021-02-18 22:56:17
1156,1122,18,mil,Macropus robustus,2021-02-27 09:00:35
1502,1464,7,pill,Phalacrocorax albiventer,2021-01-26 02:03:02
1806,1028,17,gram,Cacatua tenuirostris,2021-05-14 14:01:59
1605,1352,10,pill,Microcebus murinus,2021-02-23 05:35:33
1871,1105,6,pill,Genetta genetta,2021-01-25 05:54:16
1378,1087,3,mil,Mycteria leucocephala,2021-01-05 11:46:02
1763,1217,12,package,Meleagris gallopavo,2021-04-21 19:34:00
1421,1082,13,mg,Platalea leucordia,2021-03-14 04:57:36
1114,1090,20,mg,Ictonyx striatus,2021-01-08 14:30:43
1676,1072,10,bottle,unavailable,2021-05-21 23:52:30
1552,1148,7,package,Suricata suricatta,2021-07-05 04:39:45
1843,1400,8,bottle,Mellivora capensis,2021-07-16 07:26:08
1409,1295,3,bottle,Carduelis uropygialis,2021-06-22 05:48:07
1294,1051,10,gram,Colobus guerza,2021-07-13 19:31:15
1345,1303,9,mg,Colobus guerza,2021-06-03 23:18:55
1885,1485,17,mg,Graspus graspus,2021-05-01 02:06:43
1703,1326,13,bottle,Dendrocitta vagabunda,2021-06-24 12:04:15
1259,1361,10,count,Pytilia melba,2021-02-05 13:10:15
1662,1223,11,mg,Canis aureus,2021-11-06 20:40:01
1822,1394,12,mg,Platalea leucordia,2021-10-15 19:09:03
1883,1218,1,gram,Ardea cinerea,2021-08-04 01:27:41
1592,1147,9,bottle,Acridotheres tristis,2021-07-02 10:49:28
1477,1155,18,gram,Larus novaehollandiae,2021-07-30 15:36:56
1681,1414,3,mg,Ursus americanus,2021-03-19 12:44:19
1014,1419,12,gram,Tachyglossus aculeatus,2021-07-13 06:29:43
1818,1066,14,count,Canis lupus baileyi,2021-08-16 19:07:05
1570,1467,11,mil,Melophus lathami,2021-04-26 00:19:32
1923,1168,20,package,Equus burchelli,2020-11-27 11:37:29
1698,1155,19,mil,Centrocercus urophasianus,2021-08-19 00:43:30
1244,1294,7,mg,Dolichitus patagonum,2021-03-17 00:01:31
1755,1413,8,mg,Ciconia episcopus,2020-11-10 23:13:32
1969,1110,20,mil,Limnocorax flavirostra,2020-11-30 15:29:52
1295,1113,15,count,Camelus dromedarius,2021-07-25 08:38:52
1176,1012,12,mil,Pycnonotus nigricans,2021-10-06 05:33:46
1916,1453,16,bottle,Coluber constrictor foxii,2021-05-24 12:03:14
1907,1226,4,pill,Canis lupus lycaon,2020-11-10 13:32:59
1058,1305,19,package,Lycosa godeffroyi,2021-07-24 09:12:18
1329,1298,16,mg,Taxidea taxus,2021-09-22 12:42:07
1136,1489,4,bottle,Rhabdomys pumilio,2021-09-04 11:30:50
1701,1273,9,mil,Larus dominicanus,2021-04-12 04:25:13
1270,1377,20,count,Odocoilenaus virginianus,2021-01-01 17:58:34
1877,1279,17,mil,Pteronura brasiliensis,2021-10-22 04:43:10
1031,1293,1,mil,Bubalus arnee,2021-10-07 23:32:51
1805,1482,3,bottle,Mabuya spilogaster,2021-03-05 18:11:18
1120,1465,19,pill,Phaethon aethereus,2021-09-22 06:28:52
1993,1114,8,count,Paradoxurus hermaphroditus,2021-07-28 20:53:02
1514,1264,15,mil,Hystrix indica,2021-04-15 03:15:33
1532,1094,4,mg,Spheniscus mendiculus,2021-07-20 15:46:06
1639,1224,7,pill,Orcinus orca,2020-11-28 13:31:43
1931,1137,8,mil,Sagittarius serpentarius,2020-12-06 16:37:08
1542,1340,3,pill,Lamprotornis nitens,2021-06-01 19:43:54
1718,1434,3,bottle,Naja nivea,2021-03-30 12:27:13
1175,1091,12,pill,Bubalus arnee,2021-05-23 14:08:08
1775,1207,7,pill,Phalacrocorax niger,2021-05-05 22:30:13
1236,1312,17,mg,Smithopsis crassicaudata,2021-06-06 18:17:29
1137,1249,13,mil,Macropus giganteus,2020-11-29 15:13:19
1683,1040,12,package,Macropus robustus,2020-11-29 18:10:01
1803,1420,13,pill,Pseudoleistes virescens,2021-11-02 15:35:31
1509,1419,6,mil,Thamnolaea cinnmomeiventris,2020-12-07 19:07:46
1200,1480,12,package,Uraeginthus angolensis,2021-08-20 15:54:05
1361,1112,9,gram,Dusicyon thous,2020-11-13 19:46:41
1883,1024,16,mil,Canis aureus,2021-03-03 19:18:05
1652,1343,16,package,Bubo virginianus,2021-04-04 18:53:52
1928,1011,20,count,Buteo jamaicensis,2021-06-08 09:54:29
1156,1269,7,package,Axis axis,2021-07-01 03:51:36
1296,1236,11,bottle,Dicrostonyx groenlandicus,2021-06-01 08:23:02
1141,1498,3,bottle,Globicephala melas,2021-09-20 04:48:51
1449,1401,5,mg,Ciconia ciconia,2021-07-13 18:21:02
1279,1110,14,package,Canis lupus,2021-10-13 07:07:08
1347,1224,10,bottle,Neophoca cinerea,2021-10-21 03:36:48
1245,1459,8,gram,Phalaropus lobatus,2021-02-21 10:49:38
1964,1026,2,count,Dendrocitta vagabunda,2020-12-13 13:49:47
1034,1231,10,mil,Leptoptilus dubius,2021-01-27 01:40:44
1350,1358,12,count,Canis lupus baileyi,2020-12-21 14:16:02
1053,1445,2,gram,Melanerpes erythrocephalus,2021-01-18 20:24:27
1941,1137,10,count,Felis concolor,2021-01-30 21:26:28
1639,1233,3,bottle,Ovibos moschatus,2021-01-17 23:38:59
1870,1207,2,package,Podargus strigoides,2021-02-21 06:09:57
1550,1486,10,count,Paradoxurus hermaphroditus,2021-03-21 10:33:46
1459,1374,3,pill,Canis mesomelas,2021-09-01 14:16:26
1859,1463,3,bottle,Phalaropus lobatus,2021-01-20 22:20:11
1719,1134,16,gram,Cygnus buccinator,2021-05-09 03:05:25
1803,1359,20,mil,Columba livia,2021-02-24 01:56:47
1007,1014,4,gram,Lama guanicoe,2021-02-23 08:29:10
1814,1105,4,pill,Hyaena hyaena,2021-01-17 05:48:20
1002,1170,13,mil,Genetta genetta,2021-08-21 00:20:20
1874,1200,3,pill,Bison bison,2021-04-07 04:35:39
1967,1499,20,package,Kobus leche robertsi,2020-12-04 10:13:43
1932,1215,19,gram,Cervus duvauceli,2021-01-13 11:53:47
1438,1008,11,pill,Kobus leche robertsi,2021-06-06 02:21:02
1073,1469,20,gram,Sus scrofa,2021-08-01 11:12:58
1576,1248,18,bottle,Dasyurus maculatus,2021-06-13 23:23:48
1697,1249,4,count,unavailable,2021-04-25 05:38:21
1201,1046,7,bottle,Snycerus caffer,2021-09-13 06:37:02
1331,1286,19,pill,Cebus nigrivittatus,2021-03-12 12:37:15
1502,1015,4,gram,Mungos mungo,2021-10-29 08:38:40
1620,1236,1,gram,Otocyon megalotis,2021-08-27 14:40:15
1829,1111,6,bottle,Thylogale stigmatica,2021-09-21 14:14:59
1001,1116,8,package,Zosterops pallidus,2020-12-25 23:39:13
1272,1359,6,gram,Psittacula krameri,2021-06-16 05:57:09
1741,1227,13,gram,Eolophus roseicapillus,2021-07-05 06:08:18
1642,1137,18,mg,Didelphis virginiana,2021-10-27 03:28:27
1045,1208,6,package,Trichosurus vulpecula,2021-09-28 22:10:44
1010,1155,16,gram,Acrantophis madagascariensis,2021-07-11 03:01:00
1339,1146,15,package,Gabianus pacificus,2020-12-23 11:42:13
1587,1099,4,package,Plocepasser mahali,2020-11-26 05:50:14
1832,1400,17,bottle,Phasianus colchicus,2021-01-07 22:08:40
1462,1140,6,gram,Thylogale stigmatica,2021-05-19 19:53:37
1827,1467,12,count,Vulpes cinereoargenteus,2021-02-12 02:10:10
1820,1184,7,mg,Acrantophis madagascariensis,2021-07-15 09:57:52
1284,1488,20,mil,Meleagris gallopavo,2021-02-03 13:09:41
1296,1497,11,count,Snycerus caffer,2021-06-11 18:12:49
1497,1477,12,bottle,Mabuya spilogaster,2021-03-21 13:44:03
1254,1002,9,package,Ara macao,2021-02-27 14:04:48
1551,1236,19,mil,Graspus graspus,2021-10-10 14:40:29
1424,1399,7,mg,Leprocaulinus vipera,2021-10-12 06:36:58
1521,1096,6,count,Chionis alba,2021-02-10 23:41:43
1591,1042,5,package,Platalea leucordia,2021-05-22 04:51:06
1123,1371,17,mil,Phascogale calura,2021-03-13 06:41:57
1807,1149,17,package,Elephas maximus bengalensis,2021-03-31 11:55:27
1859,1259,20,mg,Felis rufus,2020-11-24 14:23:08
1296,1406,4,package,Ursus americanus,2021-03-18 19:44:36
1583,1454,9,pill,Boselaphus tragocamelus,2021-05-06 12:25:44
1401,1101,18,gram,Oreamnos americanus,2021-04-14 00:04:35
1931,1459,19,package,Geococcyx californianus,2021-03-16 06:59:50
1690,1291,10,mil,Arctogalidia trivirgata,2021-08-27 05:29:24
1509,1366,5,pill,Microcebus murinus,2020-11-17 18:45:41
1457,1487,8,bottle,Recurvirostra avosetta,2021-08-04 18:57:17
1068,1256,4,mg,Uraeginthus granatina,2021-03-06 00:27:01
1332,1265,12,mil,Eubalaena australis,2021-01-07 21:05:17
1122,1396,6,count,Cynictis penicillata,2021-10-01 14:03:44
1311,1267,8,mg,Grus antigone,2021-10-17 10:08:30
1086,1278,20,pill,Lamprotornis nitens,2021-09-03 09:48:10
1796,1394,8,count,Centrocercus urophasianus,2021-11-03 00:42:56
1431,1020,8,count,Canis mesomelas,2021-01-25 09:59:16
1636,1321,3,mg,Spermophilus lateralis,2020-12-25 01:02:19
1650,1232,15,package,Ardea cinerea,2021-04-18 10:46:26
1671,1431,4,gram,Tyto novaehollandiae,2021-01-22 05:00:42
1626,1238,19,package,Rana sp.,2021-01-21 16:02:23
1481,1091,3,package,Speothos vanaticus,2021-08-07 00:25:25
1389,1168,20,count,Epicrates cenchria maurus,2021-09-09 07:38:05
1496,1228,19,mg,Tursiops truncatus,2021-04-13 16:21:53
1255,1045,5,pill,Crocodylus niloticus,2021-09-29 03:12:02
1085,1268,4,pill,Bassariscus astutus,2020-12-04 08:09:02
1030,1121,10,gram,Coendou prehensilis,2021-04-11 20:38:56
1911,1492,14,mil,Dolichitus patagonum,2021-04-10 23:53:15
1737,1049,4,bottle,Phoca vitulina,2021-11-02 08:55:33
1551,1303,4,pill,Phalaropus lobatus,2021-01-31 15:55:24
1494,1442,19,package,Pseudoleistes virescens,2021-05-05 09:30:44
1627,1463,3,gram,Corvus brachyrhynchos,2021-03-24 09:46:32
1337,1121,7,pill,Cordylus giganteus,2021-05-01 04:03:13
1878,1205,5,count,Pelecans onocratalus,2021-07-24 02:12:42
1984,1040,15,bottle,Macropus rufogriseus,2021-01-07 21:26:56
1094,1163,12,mg,Nycticorax nycticorax,2021-04-14 02:50:05
1842,1248,6,mg,Picoides pubescens,2021-07-25 11:07:02
1776,1048,4,mg,Naja sp.,2021-08-15 02:27:50
1095,1016,15,mg,Physignathus cocincinus,2021-01-21 21:08:21
1208,1168,11,gram,Proteles cristatus,2021-06-15 08:53:35
1676,1268,6,package,Carduelis uropygialis,2020-11-14 03:25:47
1699,1188,14,pill,Colobus guerza,2021-02-21 12:11:53
1142,1056,11,mg,Paraxerus cepapi,2021-10-09 08:03:25
1123,1283,13,bottle,Ceratotherium simum,2021-05-09 23:21:29
1574,1220,15,count,Conolophus subcristatus,2021-10-20 23:09:05
1118,1410,19,pill,Bettongia penicillata,2021-03-01 11:23:39
1853,1103,8,mil,Felis wiedi or Leopardus weidi,2021-03-23 03:32:05
1593,1216,8,mg,Falco peregrinus,2021-03-14 14:16:50
1804,1137,2,package,Vanellus armatus,2021-06-15 07:21:40
1004,1407,3,gram,Acrobates pygmaeus,2021-02-05 13:56:47
1840,1494,17,package,Butorides striatus,2021-01-31 19:58:08
1269,1460,13,package,Francolinus swainsonii,2021-08-22 08:58:47
1928,1493,13,gram,Vulpes vulpes,2020-12-08 06:48:04
1620,1250,3,mil,Larus dominicanus,2021-02-01 23:01:35
1037,1125,20,gram,Loxodonta africana,2021-01-24 18:50:47
1405,1002,7,package,Alcelaphus buselaphus cokii,2021-05-21 05:19:21
1476,1309,9,count,Pytilia melba,2021-05-02 06:56:22
1747,1338,5,count,Axis axis,2021-07-17 16:13:05
1620,1065,17,bottle,Stercorarius longicausus,2021-10-19 18:12:50
1747,1408,9,count,Lorythaixoides concolor,2021-01-18 16:44:45
1757,1346,10,mg,Laniarius ferrugineus,2021-05-18 17:38:21
1165,1345,4,bottle,Nannopterum harrisi,2021-11-07 13:23:00
1266,1327,1,pill,Graspus graspus,2021-10-19 23:23:01
1064,1306,14,package,Corvus brachyrhynchos,2021-02-17 16:05:01
1897,1067,7,mil,Neotoma sp.,2021-08-26 19:48:16
1149,1317,20,bottle,Canis lupus,2021-02-21 10:00:37
1141,1445,7,package,unavailable,2021-03-24 08:06:08
1232,1351,10,bottle,Spermophilus parryii,2021-01-20 02:16:47
1007,1381,10,bottle,Haliaeetus leucocephalus,2020-12-17 16:48:41
1210,1249,10,bottle,Sarcophilus harrisii,2021-04-07 09:26:35
1375,1137,13,gram,Phalacrocorax brasilianus,2021-05-19 19:38:33
1752,1165,5,gram,Acanthaster planci,2021-08-03 18:05:35
1060,1328,7,mg,Ursus maritimus,2021-07-28 02:15:18
1929,1276,3,count,Himantopus himantopus,2021-08-27 22:37:16
1200,1145,11,package,Sylvicapra grimma,2021-04-22 08:42:21
1423,1274,4,pill,Varanus komodensis,2021-05-15 06:31:29
1307,1490,15,bottle,Eudromia elegans,2020-12-03 12:19:49
1833,1100,1,gram,Larus novaehollandiae,2021-07-09 05:42:06
1599,1173,9,mg,Mazama gouazoubira,2021-09-21 20:36:39
1146,1337,19,mg,Chionis alba,2021-07-24 14:53:02
1348,1493,17,mg,Colaptes campestroides,2021-05-30 21:33:15
1754,1005,16,mil,Felis pardalis,2021-06-13 15:56:56
1899,1241,20,bottle,Paraxerus cepapi,2020-11-22 05:05:12
1087,1148,15,count,Lamprotornis superbus,2021-07-16 00:52:39
1800,1331,13,bottle,Nucifraga columbiana,2021-04-23 05:58:35
1843,1185,18,bottle,Potamochoerus porcus,2021-05-24 00:34:21
1233,1367,5,gram,Conolophus subcristatus,2021-09-18 17:37:40
1640,1389,19,package,Theropithecus gelada,2021-10-11 12:15:43
1993,1002,11,package,Ictonyx striatus,2021-01-28 20:21:01
1094,1262,8,mil,Gymnorhina tibicen,2021-03-30 19:57:33
1252,1173,6,package,Procyon lotor,2021-08-25 02:36:53
1617,1104,1,package,Ara macao,2021-03-30 01:23:06
1420,1034,15,bottle,Nyctereutes procyonoides,2020-11-25 17:59:50
1975,1210,2,bottle,Haliaetus vocifer,2020-12-06 06:25:47
1775,1152,20,mil,Streptopelia decipiens,2020-12-12 21:55:44
1192,1264,7,mil,Geochelone radiata,2021-01-23 05:27:44
1531,1217,11,count,Raphicerus campestris,2021-04-02 15:02:01
1728,1296,11,count,Cracticus nigroagularis,2021-02-21 04:20:00
1465,1290,2,pill,Paraxerus cepapi,2021-08-31 10:27:36
1858,1450,2,count,Aonyx cinerea,2021-05-24 16:43:56
1549,1405,4,mg,Arctogalidia trivirgata,2021-11-03 06:34:31
1117,1212,7,package,Antidorcas marsupialis,2021-05-03 06:29:37
1336,1239,4,mg,Rana sp.,2021-07-25 14:11:12
1588,1168,1,mil,Stercorarius longicausus,2021-07-18 09:45:05
1535,1175,4,mg,Ovis ammon,2021-02-07 16:47:44
1476,1362,6,pill,Lamprotornis superbus,2021-10-02 09:26:41
1173,1300,19,mil,Spermophilus richardsonii,2020-11-13 15:34:46
1867,1181,17,mg,Coracias caudata,2021-01-10 01:22:39
1094,1473,3,count,Felis wiedi or Leopardus weidi,2021-01-04 12:26:21
1339,1223,7,mil,Vulpes chama,2021-03-16 17:20:41
1006,1419,20,count,Eremophila alpestris,2021-10-19 08:53:40
1867,1298,8,bottle,Spizaetus coronatus,2021-08-11 00:05:01
1633,1007,4,count,Naja nivea,2021-05-04 23:54:25
1770,1256,15,package,Larus dominicanus,2021-10-26 13:46:23
1370,1300,1,pill,Cyrtodactylus louisiadensis,2021-07-29 11:40:53
1710,1307,19,mg,Merops nubicus,2021-08-28 05:34:44
1094,1116,5,pill,Gerbillus sp.,2021-09-01 03:03:36
1871,1013,20,bottle,Phoenicopterus ruber,2021-10-06 23:47:20
1203,1300,9,mil,Mazama gouazoubira,2021-03-15 23:40:01
1854,1180,2,count,Charadrius tricollaris,2021-09-16 22:08:48
1228,1119,18,package,Nyctereutes procyonoides,2021-10-24 04:11:32
1136,1180,15,mg,Canis mesomelas,2021-09-11 15:07:17
1343,1026,14,bottle,Limosa haemastica,2021-02-03 21:56:51
1149,1278,11,mil,Herpestes javanicus,2020-11-13 14:55:38
1788,1390,14,bottle,Cochlearius cochlearius,2020-11-27 11:11:44
1439,1370,6,package,Tayassu pecari,2021-11-07 22:34:22
1612,1184,11,mil,Phasianus colchicus,2021-09-04 12:09:00
1720,1479,16,package,Amblyrhynchus cristatus,2020-11-27 02:19:00
1440,1431,8,mil,Oncorhynchus nerka,2021-06-04 07:10:29
1028,1381,7,package,Panthera leo,2021-10-08 23:12:49
1860,1243,3,package,Dasyurus viverrinus,2021-07-11 00:16:56
1681,1128,3,bottle,Corallus hortulanus cooki,2021-10-31 19:29:39
1134,1311,17,mil,Halcyon smyrnesis,2021-04-07 01:02:14
1265,1294,12,gram,Antilope cervicapra,2021-05-31 02:37:52
1148,1102,6,count,Alectura lathami,2021-05-27 21:26:06
1362,1307,5,pill,Milvus migrans,2021-01-07 20:05:33
1432,1062,17,gram,Laniaurius atrococcineus,2021-01-19 09:37:47
1682,1169,18,mil,Cracticus nigroagularis,2020-11-18 18:54:44
1731,1268,15,mg,Orcinus orca,2021-09-30 05:23:19
1747,1427,4,mg,Haliaeetus leucoryphus,2021-05-25 22:02:59
1994,1074,19,gram,Theropithecus gelada,2021-03-16 04:18:21
1377,1490,7,count,Tursiops truncatus,2021-02-17 13:02:48
1021,1497,17,count,Phoeniconaias minor,2021-05-12 18:22:10
1688,1314,2,bottle,Ardea cinerea,2021-07-14 00:59:10
1689,1324,12,mil,unavailable,2021-06-15 17:54:39
1092,1050,6,mil,Spheniscus mendiculus,2021-07-24 22:47:47
1668,1316,17,mg,Felis pardalis,2020-12-20 11:47:23
1923,1138,19,gram,Porphyrio porphyrio,2020-11-16 19:40:39
1162,1174,9,bottle,Larus novaehollandiae,2020-12-26 07:59:39
1205,1445,14,bottle,Corallus hortulanus cooki,2021-01-30 16:43:26
1654,1237,8,gram,Cygnus buccinator,2020-11-12 05:56:40
1882,1298,8,count,Dasyurus viverrinus,2021-03-24 21:02:13
1047,1196,6,count,Gabianus pacificus,2021-11-02 10:13:33
1702,1357,17,count,Equus burchelli,2020-12-14 13:19:49
1042,1461,15,mg,Galago crassicaudataus,2021-06-12 19:00:29
1138,1422,7,package,Ephipplorhynchus senegalensis,2021-05-02 05:27:32
1428,1359,16,count,Corvus brachyrhynchos,2021-09-05 21:16:19
1408,1188,2,mg,Felis silvestris lybica,2021-01-29 01:40:37
1136,1119,1,mil,Rhabdomys pumilio,2021-09-13 02:29:56
1931,1458,16,bottle,Acrantophis madagascariensis,2021-09-21 13:41:44
1631,1023,3,mg,Naja nivea,2021-03-24 07:06:08
1762,1310,10,gram,Psophia viridis,2020-11-09 07:26:38
1473,1320,12,package,Vulpes chama,2021-02-13 05:29:35
1030,1159,9,pill,Gyps fulvus,2021-10-31 19:27:44
1320,1181,1,gram,Felis libyca,2021-07-11 06:19:46
1437,1223,15,package,Trachyphonus vaillantii,2020-11-22 18:06:32
1808,1246,5,mg,Diomedea irrorata,2021-08-03 00:48:01
1302,1406,11,bottle,Crotaphytus collaris,2020-11-28 06:17:35
1892,1262,19,mg,Lycaon pictus,2021-07-22 13:14:15
1063,1433,1,mil,unavailable,2021-04-21 08:59:29
1305,1488,20,count,Taurotagus oryx,2021-02-14 05:21:56
1699,1348,15,package,Meleagris gallopavo,2021-03-11 16:13:07
1850,1204,3,bottle,Falco peregrinus,2021-07-21 12:56:39
1835,1380,2,bottle,Phalaropus fulicarius,2021-03-28 01:19:32
1620,1103,1,pill,Terrapene carolina,2021-03-09 07:56:59
1368,1164,12,package,Cordylus giganteus,2021-03-08 05:50:11
1450,1237,12,pill,Felis concolor,2021-07-08 04:38:50
1050,1447,2,count,Pituophis melanaleucus,2021-04-11 16:02:59
1123,1073,19,count,Anthropoides paradisea,2020-11-20 09:40:04
1355,1279,19,pill,Ctenophorus ornatus,2020-11-29 17:35:27
1752,1303,20,mg,Theropithecus gelada,2021-10-08 18:19:42
1279,1054,1,bottle,Cracticus nigroagularis,2021-01-14 16:50:01
1461,1037,8,mil,Phalacrocorax carbo,2020-12-12 19:41:40
1736,1041,10,count,Echimys chrysurus,2021-09-13 07:35:07
1714,1028,8,mg,Ratufa indica,2021-03-29 00:32:43
1681,1119,10,package,Martes americana,2021-05-06 02:31:57
1079,1290,2,count,Castor fiber,2021-09-09 21:32:19
1011,1476,3,mil,Varanus albigularis,2020-11-11 23:12:01
1302,1054,16,mg,Ramphastos tucanus,2021-03-11 03:23:42
1335,1232,1,gram,Columba livia,2021-10-17 12:02:47
1130,1313,15,gram,Coracias caudata,2021-02-18 14:58:31
1854,1128,15,gram,Neophron percnopterus,2021-01-07 20:40:48
1919,1076,18,mil,Dendrohyrax brucel,2021-07-21 21:54:53
1708,1379,14,gram,Anas punctata,2021-08-25 09:02:08
1106,1278,6,mil,Zosterops pallidus,2020-11-15 12:19:07
1139,1231,13,bottle,Lepus townsendii,2021-04-03 08:39:39
1438,1438,7,mil,Phoenicopterus ruber,2021-04-21 09:00:08
1194,1006,11,package,Francolinus coqui,2021-09-27 08:54:12
1063,1402,17,gram,Cygnus atratus,2020-11-10 21:07:24
1247,1172,11,package,Certotrichas paena,2021-04-27 21:48:02
1206,1230,7,count,Felis libyca,2021-02-22 17:47:34
1475,1260,1,gram,Dasyurus maculatus,2021-01-24 22:30:23
1732,1232,8,count,Anser caerulescens,2020-12-18 22:15:26
1666,1470,2,pill,Meles meles,2021-04-06 02:51:20
1975,1101,12,pill,Sylvicapra grimma,2021-02-24 17:34:27
1233,1282,20,gram,Streptopelia senegalensis,2021-08-16 09:32:05
1648,1069,16,count,Geochelone radiata,2020-11-15 13:55:36
1285,1494,18,mil,Isoodon obesulus,2021-08-07 22:37:40
1703,1377,2,count,Larus fuliginosus,2021-07-12 06:50:28
1289,1345,7,mil,Sagittarius serpentarius,2021-09-12 07:25:41
1976,1137,17,mg,Laniaurius atrococcineus,2021-02-22 15:48:48
1081,1057,17,gram,Phalaropus fulicarius,2021-09-03 11:46:37
1775,1283,17,mg,Conolophus subcristatus,2021-05-19 23:20:15
1516,1157,6,package,Damaliscus dorcas,2021-07-12 10:31:38
1441,1244,12,count,Alces alces,2021-04-14 06:01:16
1108,1278,13,pill,Varanus salvator,2021-06-08 06:50:23
1801,1174,19,pill,Eumetopias jubatus,2020-12-23 11:36:51
1105,1359,5,bottle,Pseudocheirus peregrinus,2021-10-25 09:22:05
1249,1406,14,pill,Nyctea scandiaca,2021-05-23 17:30:20
1126,1023,16,package,Gazella thompsonii,2020-11-21 15:10:22
1346,1348,4,pill,Macropus agilis,2021-01-13 20:10:04
1628,1447,6,mg,Nectarinia chalybea,2021-01-05 02:31:32
1397,1341,13,gram,Catharacta skua,2021-02-04 00:59:15
1903,1447,9,mg,Buteo jamaicensis,2021-06-07 17:16:09
1864,1051,2,pill,Iguana iguana,2021-05-06 04:46:41
1708,1451,17,pill,Fregata magnificans,2021-05-24 03:39:43
1219,1328,10,mg,Corallus hortulanus cooki,2021-05-27 04:08:19
1755,1427,7,count,Vulpes vulpes,2021-11-01 21:06:23
1670,1239,1,gram,Ursus americanus,2021-06-01 08:55:42
1381,1198,11,count,Paradoxurus hermaphroditus,2021-03-06 03:28:11
1776,1228,15,bottle,Larus dominicanus,2021-07-25 17:03:54
1094,1474,9,bottle,Eurocephalus anguitimens,2021-01-17 02:31:15
1813,1195,17,pill,Cacatua galerita,2021-07-15 19:43:10
1461,1119,14,count,Boa constrictor mexicana,2021-07-28 04:35:35
1264,1373,4,package,Drymarchon corias couperi,2021-02-05 00:25:39
1602,1278,19,bottle,Phasianus colchicus,2021-07-11 04:27:26
1241,1044,1,gram,Panthera leo,2021-02-28 14:10:20
1978,1383,5,mil,Junonia genoveua,2021-06-09 01:52:54
1803,1485,16,mg,Sterna paradisaea,2021-05-01 20:00:17
1909,1122,12,gram,Echimys chrysurus,2021-04-21 00:06:00
1274,1034,4,bottle,Corvus albus,2021-06-08 20:08:40
1726,1149,20,pill,Cyrtodactylus louisiadensis,2020-11-30 01:30:29
1764,1481,19,mg,Spermophilus tridecemlineatus,2021-09-12 11:16:32
1115,1254,5,package,Phalacrocorax carbo,2021-07-07 02:28:16
1512,1337,14,mg,Cervus duvauceli,2021-09-06 04:09:54
1413,1281,19,mg,Iguana iguana,2021-11-02 04:30:50
1484,1430,13,package,Ammospermophilus nelsoni,2020-12-22 10:42:28
1709,1407,8,bottle,Mazama gouazoubira,2020-11-21 15:42:18
1072,1127,19,package,Zonotrichia capensis,2021-04-04 03:49:39
1481,1492,11,bottle,Kobus leche robertsi,2021-10-17 07:15:27
1768,1360,17,count,Bassariscus astutus,2021-07-24 01:09:23
1254,1024,1,count,Larus fuliginosus,2021-05-27 21:45:12
1031,1116,11,mg,unavailable,2020-12-14 13:48:33
1186,1014,13,count,Egretta thula,2021-09-04 05:09:05
1524,1338,11,mg,Graspus graspus,2020-12-30 22:12:22
1762,1264,18,package,Crotalus cerastes,2021-10-06 22:16:44
1888,1471,6,gram,Pitangus sulphuratus,2021-02-27 10:22:37
1780,1330,2,mg,Merops sp.,2021-10-21 15:06:56
1541,1150,1,mg,Callorhinus ursinus,2021-07-23 09:08:25
1728,1387,9,mg,Phacochoerus aethiopus,2021-06-07 19:06:02
1822,1436,16,pill,Gyps bengalensis,2021-07-23 02:22:29
1371,1302,19,mg,Ceryle rudis,2020-12-02 01:07:55
1805,1456,13,mg,Fregata magnificans,2021-08-23 20:01:24
1256,1494,7,mg,Gopherus agassizii,2021-01-11 08:55:20
1671,1252,3,gram,Gyps fulvus,2021-04-06 01:24:05
1403,1007,12,mg,Crotalus adamanteus,2020-12-21 02:46:18
1766,1008,19,gram,Speothos vanaticus,2021-08-13 19:20:59
1135,1097,11,count,Francolinus coqui,2021-10-10 22:56:48
1508,1418,18,bottle,Pycnonotus nigricans,2021-08-08 17:35:55
1857,1444,12,gram,Oryx gazella,2020-12-09 13:33:03
1350,1417,2,mil,Castor canadensis,2021-05-13 05:34:28
1346,1069,14,mg,Iguana iguana,2021-06-07 02:33:28
1237,1086,4,gram,Cathartes aura,2020-11-08 18:49:43
1352,1080,7,count,Anathana ellioti,2021-02-02 15:08:30
1864,1257,13,mg,Alopex lagopus,2021-01-02 23:56:16
1369,1406,12,package,Naja haje,2021-02-05 19:32:24
1513,1147,18,package,Alligator mississippiensis,2021-10-08 15:19:59
1370,1013,11,bottle,Cygnus atratus,2021-08-28 07:23:31
1698,1469,19,mg,Coluber constrictor foxii,2020-12-09 02:49:12
1264,1395,3,bottle,Larus dominicanus,2020-12-06 13:08:19
1567,1420,8,mg,Agelaius phoeniceus,2021-01-02 11:57:00
1506,1134,15,count,Philetairus socius,2021-01-21 22:25:44
1295,1004,6,gram,Semnopithecus entellus,2021-05-28 10:08:56
1623,1160,8,package,Cebus albifrons,2021-05-16 17:05:17
1369,1231,1,bottle,Papio cynocephalus,2021-03-29 00:05:16
1577,1341,20,package,Chloephaga melanoptera,2020-12-11 22:30:09
1682,1221,7,mg,Carduelis pinus,2020-11-26 11:40:37
1741,1436,14,pill,Trichoglossus chlorolepidotus,2021-01-09 11:03:48
1235,1171,13,bottle,Tayassu pecari,2021-07-28 09:26:56
1630,1496,2,package,Pteronura brasiliensis,2021-02-11 13:35:02
1871,1019,8,pill,Merops bullockoides,2021-03-31 18:12:12
1016,1251,10,bottle,Spheniscus magellanicus,2021-02-01 20:26:20
1786,1375,17,count,Ratufa indica,2021-09-14 18:19:14
1026,1171,19,mg,Tadorna tadorna,2021-02-23 13:17:40
1766,1396,17,mg,Neotis denhami,2021-07-31 08:22:59
1168,1211,10,bottle,Panthera onca,2021-04-20 20:28:27
1473,1172,12,package,Ardea cinerea,2021-09-18 09:13:58
1322,1467,13,package,Laniaurius atrococcineus,2021-05-15 18:54:03
1121,1163,19,pill,Parus atricapillus,2021-07-01 08:26:13
1235,1349,4,mg,Grus canadensis,2021-08-07 05:59:39
1721,1270,3,gram,Genetta genetta,2020-12-16 06:50:36
1582,1294,13,mg,Otaria flavescens,2021-09-07 05:44:28
1616,1104,8,pill,Alopex lagopus,2021-05-31 19:58:06
1684,1076,7,bottle,Zalophus californicus,2021-05-30 13:46:02
1082,1102,13,gram,unavailable,2021-01-20 15:40:00
1087,1246,11,package,Bucorvus leadbeateri,2021-07-19 06:31:36
1838,1397,17,package,Castor canadensis,2021-09-25 10:24:23
1415,1081,6,count,Anas punctata,2020-12-31 16:57:11
1991,1285,15,bottle,Stercorarius longicausus,2021-08-02 02:47:44
1668,1210,20,pill,Columba palumbus,2021-05-27 07:38:07
1186,1213,5,pill,Bison bison,2021-02-19 08:36:27
1153,1276,13,mg,Spheniscus magellanicus,2021-05-18 06:22:35
1750,1476,13,bottle,Varanus sp.,2021-07-06 11:30:40
1575,1164,12,gram,Uraeginthus angolensis,2021-02-10 12:49:13
1180,1317,11,bottle,Larus fuliginosus,2021-03-13 05:44:06
1336,1384,4,bottle,Microcebus murinus,2020-12-11 16:07:10
1851,1264,10,bottle,Anastomus oscitans,2021-06-15 20:28:48
1117,1039,3,pill,Ciconia episcopus,2021-09-05 05:24:41
1402,1079,8,mil,Cereopsis novaehollandiae,2021-04-03 07:51:14
1655,1324,12,count,Gabianus pacificus,2021-04-24 01:06:22
1846,1457,1,bottle,Antilope cervicapra,2021-01-21 02:25:08
1304,1299,3,mg,Aonyx cinerea,2021-06-19 16:27:08
1671,1208,13,mg,Columba palumbus,2021-10-17 23:19:00
1820,1086,12,bottle,Vulpes chama,2021-07-25 03:39:12
1209,1112,12,gram,Tadorna tadorna,2020-12-16 00:58:38
1233,1092,2,mg,Smithopsis crassicaudata,2021-02-22 22:58:39
1101,1097,12,gram,Larus fuliginosus,2020-12-17 01:42:23
1469,1384,15,count,Anthropoides paradisea,2021-10-01 02:12:49
1976,1032,18,bottle,Naja nivea,2021-02-21 16:18:57
1694,1074,13,bottle,Spermophilus lateralis,2021-07-16 17:00:37
1409,1098,9,count,Ardea cinerea,2021-09-28 05:15:15
1999,1323,7,pill,Sus scrofa,2021-09-14 22:15:30
1741,1275,11,mil,Orcinus orca,2021-04-29 10:44:02
1029,1349,19,bottle,Cacatua tenuirostris,2021-05-21 21:41:41
1848,1251,10,gram,Actophilornis africanus,2021-11-04 14:34:15
1868,1256,18,pill,Ammospermophilus nelsoni,2021-03-17 00:44:16
1106,1350,13,package,Phoeniconaias minor,2021-02-13 13:22:08
1835,1035,5,package,Dendrocitta vagabunda,2021-04-10 15:18:00
1797,1112,17,mil,Ciconia ciconia,2021-10-08 07:11:27
1024,1415,6,mil,Canis lupus,2021-03-03 09:08:35
1305,1003,7,pill,Isoodon obesulus,2021-08-23 03:09:28
1773,1394,6,count,Ovis ammon,2021-02-17 01:27:47
1419,1351,2,count,Alopex lagopus,2021-07-06 06:52:13
1435,1167,10,mg,Sagittarius serpentarius,2021-01-24 06:21:04
1581,1338,18,mil,Canis mesomelas,2021-04-04 19:20:24
1217,1271,1,gram,Lycaon pictus,2021-10-07 14:44:48
1490,1226,2,bottle,Anastomus oscitans,2021-04-30 01:40:30
1366,1455,3,mil,Damaliscus lunatus,2021-07-30 04:52:35
1669,1466,2,bottle,Globicephala melas,2021-07-02 21:39:07
1547,1256,9,mg,Anathana ellioti,2021-04-30 18:17:03
1493,1147,10,mg,Tachybaptus ruficollis,2020-12-12 22:01:38
1873,1273,1,pill,Phalacrocorax albiventer,2021-08-22 00:17:20
1299,1027,16,mil,Tamandua tetradactyla,2021-10-13 00:53:56
1847,1003,8,gram,Tamiasciurus hudsonicus,2021-05-06 20:45:50
1282,1042,8,bottle,Chamaelo sp.,2020-11-09 11:04:46
1977,1263,15,mil,Zenaida asiatica,2021-02-27 04:43:41
1319,1293,18,bottle,Bassariscus astutus,2021-10-21 16:31:33
1768,1377,6,count,Milvus migrans,2021-05-07 16:43:51
1615,1228,17,pill,Phalaropus fulicarius,2021-09-01 14:37:53
1139,1159,4,gram,Corvus brachyrhynchos,2021-07-11 15:31:58
1943,1007,7,package,Ovis ammon,2021-02-14 11:53:43
1232,1338,17,mg,Nesomimus trifasciatus,2021-07-29 02:21:21
1381,1361,14,mil,Elephas maximus bengalensis,2021-09-21 00:21:38
1326,1458,10,package,Alopex lagopus,2021-04-03 06:09:26
1299,1407,8,pill,Panthera leo,2020-12-11 18:47:07
1585,1288,4,count,Eudyptula minor,2021-03-19 17:46:42
1908,1210,4,bottle,Diomedea irrorata,2021-09-19 11:09:15
1894,1246,19,pill,Carduelis uropygialis,2021-08-01 21:15:29
1723,1355,5,bottle,Morelia spilotes variegata,2021-10-31 18:07:24
1241,1076,16,package,Cebus apella,2021-02-19 09:54:20
1943,1358,3,count,Porphyrio porphyrio,2021-05-13 23:49:04
1997,1444,5,pill,Mazama gouazoubira,2021-02-17 13:59:44
1691,1426,9,package,Lycosa godeffroyi,2020-11-26 07:08:32
1706,1128,17,count,Chlamydosaurus kingii,2021-10-05 10:24:30
1755,1469,13,gram,Phaethon aethereus,2021-01-05 10:28:19
1563,1147,13,pill,Eubalaena australis,2020-12-10 00:10:21
1249,1186,4,package,Heloderma horridum,2021-10-26 08:47:54
1238,1411,8,mil,Gyps bengalensis,2021-07-02 18:37:34
1945,1151,14,count,Sula nebouxii,2021-10-03 01:12:32
1781,1115,1,mil,Manouria emys,2021-06-18 11:50:57
1622,1076,13,package,Lorythaixoides concolor,2020-11-13 19:46:18
1685,1203,15,mg,Climacteris melanura,2021-06-14 15:47:51
1355,1349,3,gram,Felis silvestris lybica,2021-09-27 06:42:17
1003,1404,2,count,Eolophus roseicapillus,2021-03-23 10:23:43
1126,1299,8,count,Lepilemur rufescens,2021-08-25 07:43:16
1336,1229,13,mg,Varanus sp.,2021-05-26 11:10:45
1697,1496,3,count,Rhea americana,2021-10-11 20:36:19
1137,1245,2,mil,Sceloporus magister,2021-07-30 11:48:18
1380,1196,5,mil,Panthera onca,2021-05-01 08:40:49
1815,1253,19,mil,Ara ararauna,2021-03-27 02:46:03
1906,1116,19,count,Capra ibex,2021-05-08 22:53:07
1897,1235,11,bottle,Bos taurus,2021-09-28 00:45:15
1046,1014,8,count,Ceratotherium simum,2021-09-04 20:57:53
1362,1332,10,gram,unavailable,2021-06-15 06:00:16
1053,1255,14,count,Bos taurus,2021-04-06 01:00:35
1052,1483,2,gram,Bos taurus,2021-03-20 20:29:11
1287,1377,5,package,Varanus sp.,2021-04-29 23:14:26
1809,1232,6,count,Anas punctata,2021-02-12 10:57:04
1572,1045,6,package,Aepyceros mylampus,2021-07-01 16:16:47
1032,1464,5,bottle,Graspus graspus,2021-06-17 12:39:34
1642,1378,12,mg,Leptoptilus dubius,2021-06-12 15:07:34
1204,1262,7,gram,Coendou prehensilis,2021-06-21 06:51:18
1671,1042,17,mg,Eubalaena australis,2021-03-20 17:45:23
1522,1355,17,mil,Gabianus pacificus,2021-03-11 06:47:51
1890,1168,8,pill,Calyptorhynchus magnificus,2021-02-12 14:31:00
1640,1468,17,count,Paroaria gularis,2021-08-15 14:41:13
1328,1010,6,count,Paraxerus cepapi,2021-06-20 20:57:48
1429,1283,18,gram,Eutamias minimus,2021-04-19 21:43:06
1025,1358,9,package,Axis axis,2021-06-17 09:50:10
1893,1234,8,bottle,Balearica pavonina,2020-11-09 01:45:23
1079,1294,20,count,Hymenolaimus malacorhynchus,2021-08-27 04:34:29
1737,1491,14,count,Agelaius phoeniceus,2020-12-25 23:32:18
1471,1253,18,gram,Merops nubicus,2020-11-08 10:39:03
1145,1033,7,pill,Acanthaster planci,2021-03-16 04:41:24
1533,1123,15,package,Petaurus breviceps,2021-11-01 11:07:47
1105,1092,18,pill,Alectura lathami,2021-04-10 08:31:50
1324,1215,7,package,Pteropus rufus,2021-04-08 05:02:21
1259,1105,3,gram,Ovis ammon,2021-01-26 19:09:31
1834,1374,13,mg,Ctenophorus ornatus,2021-11-06 06:54:26
1157,1041,6,count,Connochaetus taurinus,2021-08-22 17:20:07
1753,1046,9,mil,Choloepus hoffmani,2021-03-05 16:39:55
1902,1321,17,pill,Sarcorhamphus papa,2021-08-01 01:04:03
1718,1436,6,package,Mazama americana,2021-02-11 09:01:36
1809,1247,5,pill,Actophilornis africanus,2021-02-13 07:37:27
1053,1436,19,package,Madoqua kirkii,2021-09-18 03:29:46
1164,1430,10,pill,Pitangus sulphuratus,2021-05-12 02:00:41
1755,1457,15,package,Zosterops pallidus,2021-04-16 15:05:27
1500,1107,13,pill,unavailable,2021-03-15 07:25:13
1690,1498,1,pill,Sylvicapra grimma,2021-10-24 04:51:59
1480,1475,13,mil,Ovis dalli stonei,2021-02-27 01:40:33
1656,1247,17,mg,Varanus sp.,2021-04-27 02:55:39
1183,1286,19,mg,Vombatus ursinus,2021-05-13 06:00:46
1807,1151,6,gram,Crocodylus niloticus,2020-12-03 17:02:45
1586,1448,13,gram,Odocoileus hemionus,2021-03-04 07:26:27
1523,1374,20,package,Colobus guerza,2021-09-15 09:02:28
1649,1244,17,mg,Vanellus chilensis,2021-04-16 10:06:59
1346,1051,16,count,Erinaceus frontalis,2021-06-15 15:01:02
1948,1387,14,mg,Ardea golieth,2021-11-02 11:58:42
1773,1225,8,mg,Oryx gazella,2021-07-18 00:03:52
1125,1211,10,mg,Lycosa godeffroyi,2021-11-01 02:46:03
1277,1118,10,mil,Agama sp.,2021-10-28 22:46:08
1178,1248,16,gram,Pelecanus conspicillatus,2021-08-07 17:35:20
1132,1379,17,bottle,Crotalus cerastes,2020-11-16 04:12:46
1928,1160,15,mil,Gymnorhina tibicen,2021-10-16 19:26:37
1030,1434,1,mil,Camelus dromedarius,2021-09-16 17:17:16
1089,1410,14,package,Spizaetus coronatus,2021-03-02 23:13:26
1669,1323,6,pill,Ephippiorhynchus mycteria,2021-04-09 03:33:25
1783,1279,18,gram,Mungos mungo,2021-09-20 12:17:38
1316,1245,20,mg,Genetta genetta,2021-07-10 09:13:47
1629,1448,16,count,Sagittarius serpentarius,2021-03-28 14:58:44
1573,1282,9,count,Cebus apella,2021-07-19 12:41:05
1182,1262,17,mg,Tachyglossus aculeatus,2021-01-01 00:51:18
1167,1352,5,pill,Rhea americana,2021-08-17 23:11:45
1052,1462,10,mg,Eubalaena australis,2021-03-23 08:33:01
1665,1323,3,pill,unavailable,2021-08-07 08:13:15
1363,1042,16,mg,Chordeiles minor,2021-04-12 16:42:30
1133,1256,19,bottle,Redunca redunca,2021-07-04 11:03:07
1133,1079,4,count,Ara ararauna,2020-11-27 23:21:04
1654,1084,15,mil,Phalaropus fulicarius,2021-05-22 09:09:05
1896,1196,19,mil,Acrobates pygmaeus,2020-12-28 05:03:32
1981,1178,18,mil,Pedetes capensis,2021-03-03 21:05:51
1712,1303,20,gram,Limnocorax flavirostra,2021-05-10 02:16:54
1738,1345,13,mil,Macropus agilis,2021-06-30 09:13:45
1314,1139,13,pill,Gymnorhina tibicen,2020-12-06 14:11:40
1926,1054,3,count,Cordylus giganteus,2021-03-13 01:31:25
1955,1441,16,package,Chlamydosaurus kingii,2021-04-06 23:30:39
1382,1476,15,gram,Marmota flaviventris,2021-04-03 03:18:30
1467,1162,15,gram,Nucifraga columbiana,2021-08-21 08:00:56
1413,1118,5,bottle,Pituophis melanaleucus,2021-08-21 04:11:57
1278,1373,2,pill,Tayassu tajacu,2021-05-22 09:36:56
1063,1047,5,mil,Helogale undulata,2021-04-24 22:24:07
1950,1447,15,mil,Larus fuliginosus,2020-11-25 17:19:28
1428,1311,5,mil,Chelodina longicollis,2021-11-02 22:45:00
1355,1467,8,package,Estrilda erythronotos,2021-04-18 11:53:50
1554,1135,3,pill,Tockus flavirostris,2020-12-27 08:38:07
1456,1196,14,package,Ictonyx striatus,2021-03-05 02:32:39
1191,1314,3,package,Coluber constrictor,2021-05-23 07:57:38
1189,1346,4,bottle,Diceros bicornis,2021-06-01 14:24:09
1580,1257,10,gram,Eubalaena australis,2020-12-30 18:54:10
1511,1483,14,count,Helogale undulata,2021-10-28 05:23:37
1093,1453,18,pill,Alopex lagopus,2021-02-04 21:31:40
1628,1301,14,mil,Tayassu pecari,2020-12-25 02:24:48
1089,1048,9,pill,Manouria emys,2020-12-20 19:31:29
1457,1016,6,mil,Charadrius tricollaris,2021-01-10 04:00:15
1532,1062,8,count,Felis silvestris lybica,2021-06-21 22:19:17
1155,1415,7,package,Dasypus novemcinctus,2021-08-04 01:08:46
1304,1444,2,gram,Sciurus niger,2021-06-13 11:44:08
1209,1272,3,bottle,Cygnus buccinator,2021-06-26 05:28:22
1272,1118,15,package,Alectura lathami,2021-10-20 12:07:00
1038,1246,12,gram,Gabianus pacificus,2021-08-18 15:55:32
1513,1227,9,mil,Equus burchelli,2021-07-10 16:45:27
1088,1012,7,gram,Bassariscus astutus,2021-04-16 00:28:54
1465,1105,18,mil,Spizaetus coronatus,2021-10-24 21:14:57
1336,1482,18,mil,Castor canadensis,2021-01-23 03:35:00
1449,1052,19,mg,Crotalus triseriatus,2021-06-22 16:54:36
1517,1062,18,bottle,Colobus guerza,2021-03-27 03:10:51
1225,1219,13,gram,Equus burchelli,2021-09-22 08:20:18
1151,1455,16,pill,Vanessa indica,2021-04-24 01:22:26
1667,1198,18,pill,Chlidonias leucopterus,2021-04-14 00:34:37
1055,1020,20,mg,Cyrtodactylus louisiadensis,2021-03-28 16:26:17
1353,1200,14,mil,Cacatua galerita,2020-12-24 11:19:59
1755,1225,16,mg,Chordeiles minor,2021-04-30 05:49:14
1536,1459,13,mg,Bucephala clangula,2021-07-30 13:05:36
1527,1098,4,gram,Thylogale stigmatica,2020-11-15 05:06:02
1036,1046,14,package,Crax sp.,2021-02-28 02:17:56
1429,1392,18,mil,Castor fiber,2020-12-13 17:14:39
1803,1226,7,count,Microcebus murinus,2021-04-26 01:15:22
1589,1402,12,pill,Anas bahamensis,2021-03-10 17:58:03
1197,1047,5,bottle,Grus rubicundus,2021-06-06 18:55:02
1022,1195,6,count,Felis wiedi or Leopardus weidi,2021-08-26 21:41:39
1738,1100,10,count,Erethizon dorsatum,2021-03-29 14:30:06
1832,1384,20,mil,Suricata suricatta,2021-02-11 05:16:32
1796,1090,8,package,Centrocercus urophasianus,2020-11-08 07:02:27
1046,1228,8,count,Merops nubicus,2021-01-30 18:00:13
1499,1088,20,pill,Hippotragus niger,2021-03-08 11:53:58
1042,1465,1,gram,Coluber constrictor,2021-04-23 14:11:17
1242,1333,2,pill,Canis lupus baileyi,2020-12-13 13:05:38
1855,1477,6,count,Uraeginthus granatina,2021-11-04 02:27:12
1014,1469,4,package,Chordeiles minor,2021-02-02 00:41:42
1953,1345,14,package,Zalophus californicus,2021-04-28 05:01:42
1002,1005,6,mg,Neotoma sp.,2020-12-16 02:30:49
1217,1431,5,package,Hippotragus niger,2020-12-12 11:05:32
1245,1465,17,count,Larus dominicanus,2020-11-09 09:38:27
1672,1442,15,gram,Spermophilus lateralis,2021-03-03 14:25:46
1221,1160,2,count,Cyrtodactylus louisiadensis,2021-05-01 09:23:10
1413,1059,14,package,Geochelone elephantopus,2021-05-18 11:22:56
1322,1229,12,mil,Ciconia ciconia,2021-02-12 02:04:34
1428,1274,7,mil,Paroaria gularis,2021-02-01 12:55:20
1298,1109,19,mg,Alouatta seniculus,2021-04-13 06:19:02
1795,1465,5,bottle,Diomedea irrorata,2021-01-12 16:13:38
1002,1342,15,package,Corvus albicollis,2021-09-04 09:41:07
1200,1196,9,count,Mazama gouazoubira,2021-09-04 08:28:30
1658,1120,2,mil,Macropus fuliginosus,2021-03-13 18:36:58
1805,1421,13,count,Eubalaena australis,2021-09-13 14:12:43
1875,1288,5,mg,Macropus parryi,2021-05-03 17:14:25
1009,1473,1,mil,Cebus albifrons,2021-10-04 20:42:17
1549,1192,8,mg,Panthera pardus,2021-07-24 16:31:23
1746,1138,4,package,Limnocorax flavirostra,2021-01-17 06:45:25
1340,1271,17,gram,Nucifraga columbiana,2021-05-17 12:53:23
1269,1337,2,pill,Bradypus tridactylus,2021-09-13 22:40:29
1201,1278,7,package,Ratufa indica,2021-10-20 03:41:32
1453,1297,3,pill,Chelodina longicollis,2021-08-23 21:37:34
1475,1453,10,package,Anhinga rufa,2020-12-31 09:23:13
1579,1484,3,pill,Merops nubicus,2021-02-07 07:30:06
1160,1029,7,gram,Vulpes cinereoargenteus,2021-03-30 10:39:04
1379,1222,18,pill,Chelodina longicollis,2021-02-11 02:39:59
1203,1202,2,bottle,Anas platyrhynchos,2021-08-30 05:24:25
1780,1264,16,count,Leprocaulinus vipera,2021-05-22 06:54:18
1023,1170,7,mil,Theropithecus gelada,2021-04-12 15:13:20
1087,1406,13,count,Melursus ursinus,2021-03-18 01:08:36
1641,1468,17,count,Macaca nemestrina,2021-06-17 17:18:16
1543,1201,17,pill,Bubalus arnee,2021-08-24 05:23:20
1041,1233,11,mil,Pytilia melba,2020-12-31 12:09:33
1879,1221,4,gram,Paraxerus cepapi,2021-03-02 10:59:29
1086,1450,7,gram,Sarcorhamphus papa,2021-01-28 15:18:07
1557,1100,20,pill,Dasypus septemcincus,2021-02-28 03:12:15
1409,1308,7,package,Morelia spilotes variegata,2021-05-27 22:10:30
1824,1164,8,package,Caiman crocodilus,2020-11-27 16:45:52
1594,1097,1,package,Varanus sp.,2021-10-12 04:58:15
1288,1222,12,pill,Bison bison,2021-08-22 08:13:49
1612,1283,5,bottle,Phalacrocorax carbo,2021-02-05 18:26:44
1662,1420,14,mg,Acrantophis madagascariensis,2020-12-07 11:44:54
1668,1006,19,package,Agkistrodon piscivorus,2020-12-17 21:12:01
1682,1028,4,count,Cebus nigrivittatus,2021-01-02 16:00:39
1074,1483,11,package,Dasyurus maculatus,2021-10-01 04:11:21
1897,1270,10,pill,Galago crassicaudataus,2021-10-03 09:54:15
1930,1407,6,count,Herpestes javanicus,2021-07-10 17:35:31
1813,1307,19,count,Snycerus caffer,2021-10-08 17:23:17
1483,1222,19,gram,Ephippiorhynchus mycteria,2021-02-13 17:16:02
1430,1402,11,count,Rana sp.,2021-03-18 02:42:17
1387,1065,1,package,Axis axis,2021-05-16 11:45:40
1665,1116,1,gram,Dicrurus adsimilis,2021-06-22 04:18:59
1041,1424,18,mg,Naja nivea,2021-10-25 12:18:12
1941,1148,19,pill,Diomedea irrorata,2021-10-18 14:14:05
1216,1374,3,gram,Eumetopias jubatus,2021-03-18 23:26:16
1850,1078,12,package,Drymarchon corias couperi,2021-07-14 02:44:51
1666,1215,4,bottle,Amphibolurus barbatus,2021-04-08 09:19:41
1656,1006,5,mil,Eutamias minimus,2021-02-20 11:35:47
1254,1121,1,count,Madoqua kirkii,2021-07-23 15:47:57
1941,1365,2,mg,Cervus canadensis,2021-01-13 13:52:31
1665,1286,8,pill,Odocoileus hemionus,2020-12-14 06:57:17
1888,1356,19,gram,Tiliqua scincoides,2020-12-21 09:57:35
1495,1090,15,gram,Ovis ammon,2021-03-14 21:40:54
1653,1289,7,package,Cynictis penicillata,2021-10-24 07:17:58
1189,1082,13,count,Hippotragus equinus,2021-11-01 14:14:46
1133,1075,11,mil,Francolinus coqui,2021-06-06 22:17:45
1546,1238,10,gram,Bubalus arnee,2020-12-03 23:34:47
1920,1426,12,package,Cabassous sp.,2021-06-16 11:23:27
1256,1176,16,mg,Varanus salvator,2021-05-05 10:41:07
1336,1285,13,bottle,Pycnonotus nigricans,2021-01-12 18:12:47
1833,1047,6,mil,Chlamydosaurus kingii,2021-03-24 02:32:23
1961,1201,18,bottle,Scolopax minor,2021-10-04 04:58:17
1968,1407,16,mg,Oreamnos americanus,2021-03-14 07:16:44
1279,1172,7,bottle,Mirounga angustirostris,2021-09-05 03:31:33
1539,1304,6,count,Trichoglossus chlorolepidotus,2021-02-22 12:38:53
1534,1096,2,pill,Procyon lotor,2021-02-05 05:48:02
1100,1329,2,count,Hyaena hyaena,2021-02-05 00:22:14
1902,1405,12,gram,Castor canadensis,2021-10-18 20:00:34
1721,1055,4,mil,Sula dactylatra,2021-09-22 17:14:08
1604,1247,9,gram,Porphyrio porphyrio,2021-02-19 00:41:40
1803,1349,2,count,Phalaropus lobatus,2021-09-30 08:54:30
1914,1055,18,package,Colobus guerza,2021-01-10 16:23:35
1541,1051,15,gram,Equus burchelli,2020-11-24 01:46:04
1002,1104,17,mil,Cabassous sp.,2021-07-24 13:54:46
1010,1099,13,gram,Haematopus ater,2020-12-18 02:11:06
1411,1383,17,pill,Lasiorhinus latifrons,2020-12-28 02:22:26
1657,1161,9,count,Alectura lathami,2021-08-28 15:09:09
1388,1491,4,gram,Myotis lucifugus,2021-04-19 16:22:30
1190,1444,6,count,Ardea golieth,2021-06-07 20:39:32
1489,1285,18,count,Mycteria ibis,2020-12-11 00:09:03
1447,1049,14,pill,Coluber constrictor foxii,2021-07-05 11:43:33
1215,1327,19,bottle,Pseudalopex gymnocercus,2021-10-18 01:53:42
1371,1252,4,count,Aonyx capensis,2020-11-29 12:52:47
1615,1453,4,bottle,Callipepla gambelii,2021-03-29 22:21:03
1878,1472,11,pill,Genetta genetta,2021-10-24 07:18:33
1480,1493,16,mg,Hyaena hyaena,2021-03-26 06:09:43
1020,1471,3,count,Corvus albicollis,2021-01-13 05:26:10
1487,1197,4,package,Priodontes maximus,2021-09-30 09:01:47
1502,1342,3,mil,Taxidea taxus,2021-05-16 11:39:56
1583,1007,20,pill,Gorilla gorilla,2021-04-12 23:22:22
1004,1319,13,pill,Bubalus arnee,2021-02-03 19:59:03
1601,1075,9,mil,Lasiodora parahybana,2021-06-22 15:22:44
1015,1140,17,bottle,Felis concolor,2021-06-29 13:46:16
1702,1348,17,package,Francolinus leucoscepus,2020-12-08 05:48:12
1543,1382,2,gram,Pelecanus conspicillatus,2021-08-10 03:07:49
1424,1397,3,mg,Cacatua tenuirostris,2021-08-01 21:14:19
1766,1314,3,mg,Phacochoerus aethiopus,2021-08-07 13:42:37
1955,1304,15,count,Corvus brachyrhynchos,2021-02-28 08:55:15
1248,1321,12,mg,Coluber constrictor,2021-09-01 12:58:08
